Customer ID,Recency,Frequency,Monetary,Cluster,PCA1,PCA2
AA-10315,185,5,5563.56,1,0.10765352512777086,0.8177698069291093
AA-10375,20,9,1056.39,0,0.6694324171394415,-0.9537450232440033
AA-10480,260,4,1790.5120000000002,1,-1.1414060417862986,0.14120731376609502
AA-10645,56,6,5086.9349999999995,0,0.626025168638769,0.19228697883107576
AB-10015,416,3,886.156,3,-2.020706962475364,0.520728023316823
AB-10060,55,8,7755.62,2,1.7007112513563223,0.8900215552517974
AB-10105,42,10,14473.570999999998,2,3.6475157590160863,2.5760653940915423
AB-10150,42,5,966.71,1,-0.448254754029291,-0.9270271518284777
AB-10165,26,8,1113.838,0,0.40517029920314973,-0.9246425020237938
AB-10255,167,9,914.5319999999999,0,0.23257130417195176,-0.40546868444291756
AB-10600,51,4,1515.862,1,-0.6189701226503059,-0.7601891326334731
AC-10420,233,3,925.8,1,-1.505231313197719,-0.196860775686093
AC-10450,12,7,5527.846,0,1.0988617675910097,0.13957890587709956
AC-10615,7,5,2537.6859999999997,1,-0.025790246839738823,-0.6642670732355713
AC-10660,283,5,657.316,1,-1.1803842856843711,-0.04780824748842903
AD-10180,30,8,6106.88,0,1.4284526817264727,0.3687644412096991
AF-10870,42,7,2052.908,0,0.29582774357513275,-0.630204843985148
AF-10885,416,4,861.565,3,-1.766269683354849,0.5238922300452978
AG-10270,279,5,2582.898,1,-0.770388563722748,0.42895693627967674
AG-10300,119,4,367.548,1,-1.0453486340530238,-0.7835782088421392
AG-10330,9,5,660.972,1,-0.4201185043105453,-1.136482436032696
AG-10390,115,5,200.945,1,-0.8092431745693952,-0.8326553474987173
AG-10495,79,8,2356.855,0,0.5157643597513208,-0.395845124595293
AG-10525,846,4,1455.038,3,-2.835253682499087,2.3857071825757816
AG-10675,98,7,3489.0396000000005,0,0.4381120846882482,-0.04006788680173665
AG-10765,78,4,170.584,1,-0.9725030840053965,-0.9970164209818343
AG-10900,97,10,4510.797,0,1.4311484548232623,0.24574618731651013
AH-10030,13,7,1744.7,0,0.31236458858728366,-0.8243853832805709
AH-10075,35,10,3250.337,0,1.3418882182381369,-0.323304184295055
AH-10120,61,7,1735.5140000000001,0,0.17740902992186391,-0.6358551637854596
AH-10195,56,4,1587.452,1,-0.6179990154024306,-0.7219890078812101
AH-10210,7,9,4805.344,0,1.4821094439949218,-0.04624909412253868
AH-10465,231,5,2495.3916,1,-0.6554640256461188,0.21568737679833552
AH-10585,22,4,738.504,1,-0.6996234736538821,-1.0744045594127076
AH-10690,411,12,7888.294,2,1.7795162036828092,2.377488005383476
AI-10855,14,10,4375.786,0,1.6332493262396062,-0.11886142149632427
AJ-10780,76,7,4867.344,0,0.7846272289747437,0.22509279415144906
AJ-10795,167,7,4501.391,0,0.45657007230911295,0.4933391285715576
AJ-10945,86,7,1839.24,0,0.12959893599625727,-0.5098993001982565
AJ-10960,75,3,629.2479999999999,1,-1.1287010139719318,-0.9010504366089006
AM-10360,29,5,814.012,1,-0.44385295399924546,-1.017792671755269
AM-10705,163,8,5664.022,0,0.9680427128878472,0.7843546119541079
AO-10810,502,1,161.28,3,-2.9283230081452634,0.6583464053497056
AP-10720,42,8,1638.554,0,0.4695208206927113,-0.7267638768396486
AP-10915,99,10,3323.556,0,1.1796530141862003,-0.05006330533646853
AR-10345,112,4,1055.694,1,-0.883387222432362,-0.6353486013032843
AR-10405,126,5,2236.128,1,-0.41812118345879146,-0.2681979192442265
AR-10510,15,5,264.86400000000003,1,-0.518808721862091,-1.2139690183461738
AR-10540,7,6,6608.448,2,1.0770498050050548,0.38671816421120514
AR-10570,535,1,88.15,3,-3.034946426539457,0.7708660021379236
AR-10825,59,8,4523.336,0,1.0200161293858696,0.07892869900181616
AS-10045,89,7,3050.692,0,0.3722503409694839,-0.18801188876998473
AS-10090,29,9,3255.31,0,1.1000183997069293,-0.35534784011598886
AS-10135,42,2,58.82,1,-1.414930162511771,-1.187684234876571
AS-10225,23,5,4260.784,1,0.2868198536367539,-0.15977510789875557
AS-10240,193,7,584.6080000000001,1,-0.42690986713813717,-0.40540006753673347
AS-10285,20,6,3214.236,1,0.3378619490224527,-0.43001486166869
AS-10630,93,7,833.398,1,-0.09817711169690255,-0.7394133660426792
AT-10435,22,6,1171.814,1,-0.09079475990604129,-0.9446276264378228
AT-10735,14,10,3831.864,0,1.520569190254812,-0.2580271809974857
AW-10840,21,4,649.376,1,-0.715315507240165,-1.1011851789121616
AW-10930,47,7,2852.968,0,0.4477103761167875,-0.40562122890925195
AY-10555,15,4,497.014,1,-0.730247599842612,-1.1640279896248935
AZ-10750,161,6,1622.0179999999998,1,-0.3828275158419983,-0.2766820346017852
BB-10990,106,5,744.3399999999999,1,-0.6717248570476408,-0.7294145204590471
BB-11545,29,9,6765.728,2,1.827244688776813,0.5428140050319333
BC-11125,203,9,2933.676,0,0.5510724077390795,0.25430200204974374
BD-11320,34,12,5718.521,0,2.375038051373788,0.32313098900216264
BD-11500,36,6,4411.2429999999995,0,0.5414858245983597,-0.06012648578353399
BD-11560,279,2,320.54,1,-2.017658686938319,-0.17824904153645177
BD-11605,98,7,3288.471,0,0.39656183093443814,-0.09138458579733662
BD-11620,70,6,1538.11,1,-0.14796460146525373,-0.6600280482680946
BD-11635,10,3,582.646,1,-0.9581798423598636,-1.1714578712242172
BD-11725,94,6,1526.5,1,-0.21689603870149624,-0.5675582807468501
BD-11770,328,6,658.466,1,-1.045351221998547,0.1408924325039136
BE-11335,120,5,4204.676,1,0.006319331061676056,0.21160702281569702
BE-11410,99,5,2261.438,1,-0.33803583726833264,-0.3690924903485608
BE-11455,255,6,1727.652,1,-0.6215054073088363,0.12415274070793919
BF-10975,92,7,599.798,1,-0.14379829800360355,-0.8031580274574293
BF-11005,40,4,1333.88,1,-0.6261787205038682,-0.8504937877452856
BF-11020,75,8,2888.506,0,0.6369901208850677,-0.27572568471549
BF-11080,26,3,272.95,1,-1.066688035221522,-1.187068642896392
BF-11170,17,11,5907.972,0,2.2018763337674967,0.2945437030450481
BF-11215,66,4,1585.162,1,-0.6461927016088171,-0.682808144675885
BF-11275,58,3,791.9899999999999,1,-1.0478642222225194,-0.9270154190490734
BG-11035,29,8,2798.948,0,0.7459457878690486,-0.48156680383050593
BG-11695,37,6,1874.172,1,0.013128416457464076,-0.7052748899973893
BG-11740,58,6,1006.356,1,-0.22486084507673518,-0.8438006791904142
BH-11710,24,8,6255.351,0,1.4758418472248445,0.3828915874540544
BK-11260,78,6,659.1379999999999,1,-0.3522298958065427,-0.853104973834178
BM-11140,308,4,11789.63,2,0.7969817386615361,2.890423123251153
BM-11575,101,6,808.162,1,-0.38511209467493857,-0.7235126955390597
BM-11650,34,11,7294.185,2,2.4419246322227957,0.7168182648148336
BM-11785,219,10,1338.842,0,0.43586367023786726,-0.08066319726048381
BN-11470,25,4,265.296,1,-0.8059701196661706,-1.1835476788348642
BN-11515,10,5,1459.344,1,-0.2574978479320249,-0.9282374155131663
BO-11350,138,5,2682.728,1,-0.3588656388807176,-0.10621245832893333
BO-11425,76,2,130.83,1,-1.4942579722174054,-1.034053006934326
BP-11050,84,5,983.42,1,-0.5612140668950019,-0.755731347068076
BP-11095,18,12,2442.044,0,1.7406263746493709,-0.5788024630333979
BP-11155,90,6,1697.8609999999999,1,-0.1703087849161588,-0.5396212337297618
BP-11185,2,9,3675.861,0,1.2619827830144121,-0.35511759194292936
BP-11230,40,5,1181.49,1,-0.3982165769702953,-0.8800277342418853
BP-11290,13,7,2475.157,0,0.46368774538374496,-0.6374935068939935
BS-11365,559,5,10501.653,2,0.09393901865966743,3.5684883391574886
BS-11380,29,5,3887.834,1,0.19292710077524805,-0.23133657473882355
BS-11590,36,6,2454.928,1,0.13621109728618513,-0.5606616044191373
BS-11665,583,3,3288.1099999999997,3,-1.986024683697233,1.799387716972865
BS-11755,2,7,2562.382,0,0.512248690530941,-0.6589199099438758
BS-11800,266,2,949.4300000000001,1,-1.8513413142267432,-0.06904050702714057
BT-11305,337,5,2567.656,1,-0.9343179818402013,0.6557044649222123
BT-11395,303,6,2186.6130000000003,1,-0.6594785537517802,0.4324612240224772
BT-11440,561,4,603.876,3,-2.2215827565221202,1.0345791466463183
BT-11485,660,2,415.19599999999997,3,-3.054154272068299,1.3610833497469215
BT-11530,92,5,2684.4919999999997,1,-0.2309914957578723,-0.2886882870361977
BT-11680,21,7,3196.752,0,0.590999602201582,-0.42105560829871663
BV-11245,335,5,1523.2730000000001,1,-1.1451309159093108,0.380539352979275
BW-11065,213,3,385.516,1,-1.561719223662305,-0.4146292780404277
BW-11110,122,8,4750.358,0,0.8924150379872248,0.3875443357418395
BW-11200,204,6,1738.406,1,-0.47790923278962194,-0.07590632852810823
CA-11965,97,6,3789.7228,1,0.243642630932538,0.023431101558025483
CA-12055,402,5,1679.7240000000002,3,-1.2984393722380763,0.6870056786278063
CA-12265,57,9,2648.2872,0,0.8966521597930508,-0.399311357702652
CA-12310,14,4,1421.954,1,-0.5358629677712672,-0.9313531294676619
CA-12775,121,7,3041.566,0,0.28165806728226156,-0.06309315577372657
CB-12025,48,10,6076.139,0,1.8912528079137794,0.4513912895324658
CB-12415,27,8,1949.2,0,0.5754538892928965,-0.7069333645096435
CB-12535,198,8,4246.4555,0,0.5773588715315565,0.5608452891353629
CC-12100,458,6,1770.945,3,-1.1752382054359838,0.9424950240836089
CC-12145,107,7,2471.65,0,0.20239995264151,-0.2645831217683695
CC-12220,21,12,3913.418,0,2.037123820609062,-0.19041242339545464
CC-12370,44,5,12129.072000000002,2,1.8586220451000521,1.9368845674438235
CC-12430,1,10,2870.05,0,1.3573526536346159,-0.5558099619737321
CC-12475,40,9,1659.438,0,0.7389226625986581,-0.7199179688742494
CC-12550,28,3,113.832,1,-1.1051951439854577,-1.2198265984620444
CC-12610,35,7,2540.631,0,0.41626906427378674,-0.5332546827943011
CC-12670,30,7,2269.7015,0,0.3740023264628143,-0.6224570338144513
CC-12685,800,4,2854.1150000000002,3,-2.41790895562835,2.5607424030738195
CD-11920,41,5,2033.968,1,-0.2243871968453676,-0.6579393637869422
CD-11980,55,3,639.766,1,-1.0710835117841582,-0.977892889520928
CD-12280,43,2,1205.584,1,-1.1801358159055813,-0.8903009973256863
CD-12790,400,5,1860.732,3,-1.2553974805885297,0.7253643241370176
CG-12040,50,6,904.4680000000001,1,-0.2237927705243962,-0.9016827640418339
CG-12520,339,3,1148.7800000000002,3,-1.752862678095568,0.2817178174746702
CH-12070,692,3,1537.236,3,-2.650879980955482,1.784873763528199
CJ-11875,366,1,16.52,3,-2.5813295540714556,0.08048055502947393
CJ-12010,190,8,11164.974,2,2.032790548013093,2.299177004386514
CK-12205,40,13,3154.855,0,2.086843126829075,-0.29948255726710254
CK-12325,121,5,2945.321,1,-0.257343483681734,-0.1066299537177449
CK-12595,44,11,2372.75,0,1.3946695226341586,-0.5025941078139147
CK-12760,83,9,1582.109,0,0.6037100851552898,-0.5687059381681555
CL-11890,107,4,1262.0140000000001,1,-0.8267858531274703,-0.6024437583892868
CL-12565,285,12,10880.546,2,2.7486610141433525,2.6420125724574333
CL-12700,106,5,2353.586,1,-0.3383497442318582,-0.3176791212396626
CM-11815,132,6,1673.888,1,-0.2916960818903805,-0.3787344225268659
CM-11935,709,2,565.392,3,-3.1588638164783767,1.5943691029166709
CM-12115,9,4,1661.6100000000001,1,-0.4723556358224872,-0.8899190677341816
CM-12160,27,6,2533.314,1,0.1773970779027342,-0.576396164769342
CM-12190,9,6,1475.144,1,0.008078852356040698,-0.9187156025737846
CM-12235,386,5,2305.712,3,-1.1244073991820105,0.7835416866466283
CM-12385,38,4,8954.019999999999,2,0.957970913374957,1.091212129632675
CM-12445,437,3,287.99,3,-2.2028349081070995,0.4511938304362992
CM-12655,28,6,6339.5576,0,0.9631353520882207,0.4014311408866115
CM-12715,1036,4,3984.4524,3,-2.837920767698176,3.788441976013149
CP-12085,83,8,5402.254,0,1.1355685264829813,0.3992454840679479
CP-12340,161,8,5888.275,0,1.0200433384747274,0.8337777543390252
CR-12580,58,4,2148.852,1,-0.5072419535325403,-0.5703980407993915
CR-12625,471,3,475.9,3,-2.258152606508838,0.634478779916163
CR-12730,79,4,1600.55,1,-0.6790399579213299,-0.6271742253041448
CR-12820,86,3,1397.8724,1,-0.9999622235421435,-0.6606497472282331
CS-11845,92,5,1278.954,1,-0.5221659894753459,-0.6483037526318961
CS-11860,163,6,537.632,1,-0.6130152774612673,-0.546175448490728
CS-11950,26,11,3036.547,0,1.5820779522353137,-0.4043377913908459
CS-12130,490,4,884.64,3,-1.9666121186203906,0.824070234586593
CS-12175,233,5,844.4580000000001,1,-1.0030190947283306,-0.19876069427961635
CS-12250,27,12,2754.216,0,1.7803492900692925,-0.4631412575038207
CS-12355,7,11,3202.1620000000003,0,1.6690537781957955,-0.43752105400000985
CS-12400,3,9,3651.8585000000003,0,1.2542384413041863,-0.357282100522954
CS-12460,28,2,550.644,1,-1.274235770027429,-1.117521549401402
CS-12490,425,4,1077.2285,3,-1.7465396913755833,0.6148611475247171
CS-12505,59,6,5690.054999999999,0,0.7426531134763479,0.35852893960859133
CT-11995,97,8,3241.898,0,0.6492171966896488,-0.09782128513980026
CV-12295,255,5,2830.6279999999997,1,-0.6525419627153589,0.3968999101688076
CV-12805,6,9,2370.3136,0,0.9804348587945193,-0.673243143510097
CW-11905,23,6,1136.592,1,-0.1008633591121608,-0.9496627124880055
CY-12745,61,8,2900.026,0,0.6781836289888544,-0.3284517056199964
Co-12640,550,5,1300.076,3,-1.7873335384807756,1.1784186737045734
DA-13450,353,4,156.76,3,-1.7376472201624964,0.09303290014385895
DB-12910,22,8,2171.599,0,0.6353862213213027,-0.6699146114265054
DB-12970,242,5,2839.2272,1,-0.6147254627283958,0.3474032621453604
DB-13060,17,7,4531.646,0,0.8786270357604817,-0.0954215502218351
DB-13120,49,7,2973.094,0,0.46705209842226586,-0.36693290477645085
DB-13210,10,10,2332.577,0,1.2210611512909604,-0.6575356092123172
DB-13270,54,8,4655.897,0,1.0613374141380083,0.09296185212381004
DB-13360,265,5,1081.466,1,-1.0426216813087963,-0.010867076926669378
DB-13405,188,4,1711.692,1,-0.9581557261922194,-0.16528003411903908
DB-13555,108,7,3908.8028,0,0.49735191278872454,0.10709786050074847
DB-13615,34,7,1989.05,0,0.3047742006372833,-0.6783567215020065
DB-13660,13,7,1155.202,1,0.19024282332909553,-0.9752120402174399
DC-12850,38,9,3336.168,0,1.0918217733999367,-0.2988697315989459
DC-13285,24,5,1174.618,1,-0.35528934109959215,-0.9454128151988813
DD-13570,42,6,269.542,1,-0.3331500774147324,-1.0959458706444976
DE-13255,720,5,2550.874,3,-1.9994431769681997,2.174478119301828
DF-13135,701,3,2390.534,3,-2.4990561553592707,2.0389853549142507
DG-13300,33,5,3195.818,1,0.038479756386546514,-0.39248637746918913
DH-13075,278,6,4932.872,0,-0.021258994214148935,1.0356913964697012
DH-13675,777,4,1043.096,3,-2.729329474072451,2.0059185723463067
DJ-13420,638,4,2012.52,3,-2.1432033075228007,1.701193458499971
DJ-13510,49,8,2501.6879999999996,0,0.6289261516389827,-0.478089039625466
DJ-13630,13,3,3356.398,1,-0.39187876620392337,-0.44984648086392137
DK-12835,22,12,3256.48,0,1.898259100959345,-0.3545173380865529
DK-12895,46,5,4282.176,1,0.22749711528657363,-0.06283825486066322
DK-12985,8,5,1687.04,1,-0.20478396252444309,-0.8779333605893875
DK-13090,43,7,2650.557,0,0.41686616033974555,-0.4733160266424553
DK-13150,11,2,797.832,1,-1.1759049501574919,-1.1218805079505845
DK-13225,11,9,4802.394,0,1.4704106013812879,-0.031097160139869462
DK-13375,20,8,3318.486,0,0.8785218342486372,-0.3844299356754168
DL-12865,101,8,1503.112,0,0.2779185649016453,-0.526793573581409
DL-12925,58,6,3272.2,1,0.24453662375212265,-0.26407067898606573
DL-13315,23,8,1458.258,0,0.48483692610753376,-0.8484505775057513
DL-13330,58,4,585.02,1,-0.8312089973685548,-0.9705139912706361
DL-13495,77,8,3539.322,0,0.7662708075379533,-0.10125708894508029
DM-12955,115,7,1322.034,1,-0.05793257693473657,-0.5269059646064743
DM-13015,58,7,6345.103,0,1.140657903762626,0.531606250265658
DM-13345,23,8,4074.4719999999998,0,1.026817852205986,-0.17907627691196842
DM-13525,482,3,1376.792,3,-2.102012955010032,0.908720941072923
DN-13690,218,7,2139.79,0,-0.17403298856411065,0.09191966186674061
DO-13435,134,9,1300.0315,0,0.40390590861396514,-0.438066640421427
DO-13645,27,7,1267.316,1,0.17466161980637757,-0.8908535067281022
DP-13000,127,9,1050.636,0,0.37164406081252627,-0.5297127410013063
DP-13105,7,8,2215.002,0,0.6859566136903658,-0.7184598497856964
DP-13165,813,2,1058.616,3,-3.344966954158824,2.1341379161779392
DP-13390,359,9,5480.723999999999,0,0.6463039071695413,1.5263414290809287
DR-12880,4,9,6528.034000000001,0,1.8473016628477146,0.3825816119628348
DR-12940,51,8,8350.868,2,1.8351119136858745,1.0264126752750682
DS-13030,94,4,1762.213,1,-0.6871284047800849,-0.5261616007427683
DS-13180,24,9,2881.8128,0,1.036503500608773,-0.4707927624437664
DV-13045,20,5,1119.483,1,-0.3556235210492608,-0.9754261505233327
DV-13465,30,6,3341.587,1,0.33652499137127206,-0.3576645583092803
DW-13195,70,6,1080.751,1,-0.24271214672701824,-0.7770461365228291
DW-13480,218,5,5271.628,1,-0.044297420216509356,0.8743075781791555
DW-13540,99,5,344.08,1,-0.7352401426127259,-0.8596602230485214
DW-13585,243,7,1204.854,1,-0.43701469790927805,-0.04787247903014647
Dl-13600,120,5,755.602,1,-0.7081987934885685,-0.6708595859732636
Dp-13240,85,11,7198.7609999999995,2,2.280788025226438,0.8952139983943652
EA-14035,153,13,2846.705,0,1.7097781470016122,0.07103992913953998
EB-13705,49,9,3644.978,0,1.1253043522409925,-0.176115359531369
EB-13750,36,10,3236.314,0,1.3362112527639525,-0.32291537696408174
EB-13840,91,5,4358.128,1,0.11849472641512589,0.13554500884432077
EB-13870,101,10,2767.219,0,1.0588571012633152,-0.1844521635375943
EB-13930,162,5,944.6000000000001,1,-0.7854665269209263,-0.45548284612853684
EB-13975,1,4,1643.255,1,-0.453982672335305,-0.9264287253103477
EB-14110,114,6,3071.126,1,0.04765367682933111,-0.09282275512646704
EB-14170,83,6,1186.326,1,-0.25687605611835357,-0.6983373234124071
EC-14050,54,5,461.914,1,-0.5860925990463967,-1.0084621573152917
ED-13885,136,8,3484.92,0,0.5914569850520446,0.1194477923408436
EG-13900,23,5,1832.02,1,-0.21632849813973734,-0.7811891832791941
EH-13765,136,12,10310.880000000001,2,3.043665031165145,1.9037351260040936
EH-13945,218,8,684.1709999999999,0,-0.21605077034947548,-0.27105336888999026
EH-13990,406,6,825.9499999999999,3,-1.2268652695789242,0.493925069492606
EH-14005,3,7,1219.53,1,0.2312884446957158,-0.9985201029331119
EH-14125,153,10,3082.653,0,0.9800628566694827,0.10304077133861342
EH-14185,106,6,923.884,1,-0.3749985005240127,-0.6740211295538528
EJ-13720,303,4,2162.174,1,-1.1836046081472895,0.4072964289147853
EJ-14155,58,5,2656.691,1,-0.14250524765160003,-0.43100837282609966
EK-13795,45,4,1303.478,1,-0.6463365112034212,-0.838388937946127
EL-13735,78,2,124.28,1,-1.5011587422288584,-1.0277755096306824
EM-13810,133,5,2567.0099999999998,1,-0.36897840438241813,-0.1557030008897558
EM-13825,56,8,2339.598,0,0.5759437142381848,-0.4917240126760249
EM-13960,152,5,933.704,1,-0.7600044828858354,-0.49803742781699434
EM-14065,48,4,228.99,1,-0.8772457087671032,-1.101373210829365
EM-14095,114,4,1041.0420000000001,1,-0.8919664214497177,-0.6311440500902172
EM-14140,49,6,4588.436000000001,0,0.5421584652619205,0.0369062292171487
EM-14200,159,3,366.822,1,-1.415907779382494,-0.6341528296939497
EN-13780,288,4,2199.366,1,-1.1343209008628554,0.35716206834273717
EP-13915,13,17,5478.0608,0,3.6810922962406045,0.2253773762041514
ER-13855,422,3,1245.788,3,-1.962836338639453,0.6366021270675379
ES-14020,41,5,3510.4579999999996,1,0.08148587683098439,-0.28017039646098396
ES-14080,29,9,4657.924,0,1.3905871508406875,0.0035195022547224895
FA-14230,98,7,2984.054,0,0.3334981031277249,-0.16927153100283493
FC-14245,71,7,3418.742,0,0.4983911399598255,-0.16542424519925508
FC-14335,185,7,3889.366,0,0.2798868496313859,0.40832899395561223
FG-14260,35,7,1383.144,0,0.17648138780430864,-0.829404787897093
FH-14275,38,10,4256.272,0,1.5419642475008994,-0.05399955016830854
FH-14350,213,4,2271.284,1,-0.9115275681794154,0.07731192457142609
FH-14365,6,8,6987.196,2,1.6773472574472894,0.4985583995043179
FM-14215,8,10,2456.638,0,1.25230577108181,-0.63374720080753
FM-14290,37,9,3736.198,0,1.177464839254474,-0.20049629484388345
FM-14380,146,9,2523.266,0,0.6240508473891531,-0.07737450824204674
FO-14305,39,10,2678.438,0,1.2123245885991338,-0.4537213203305618
FP-14320,24,8,4046.746,0,1.0183021416481324,-0.1821934656658095
FW-14395,363,3,79.75,3,-2.04085168129355,0.10364023186124062
GA-14515,150,8,3919.7760000000003,0,0.6427357585995765,0.2863818339966534
GA-14725,6,11,1398.382,0,1.2981504817324834,-0.9030058403840272
GB-14530,63,11,1568.44,0,1.1753801674308657,-0.6328248545012938
GB-14575,14,5,4716.288,1,0.40613046889266957,-0.07902172900112873
GD-14590,6,4,1888.07,1,-0.41712587457304334,-0.8439079283117173
GG-14650,44,9,2224.0,0,0.8447909147761935,-0.5595646300834953
GH-14410,76,9,2819.4669999999996,0,0.879447521361243,-0.279957092379787
GH-14425,51,4,4172.8460000000005,1,-0.06854318932269202,-0.0803835790018237
GH-14485,388,2,1361.2440000000001,3,-2.104204247410485,0.5214792540485836
GH-14665,3,2,146.94080000000002,1,-1.2885696447008819,-1.3202284082986528
GK-14620,113,9,6497.27,2,1.5387883203344552,0.8081682879752285
GM-14440,84,7,3582.8199999999997,0,0.49634684697583964,-0.07174708289888239
GM-14455,17,6,3078.624,1,0.31808403969360327,-0.4766420506721848
GM-14500,107,10,1255.682,0,0.7290920395220086,-0.547328055264225
GM-14680,153,6,3163.628,1,-0.04128860515738789,0.08593486276968708
GM-14695,118,3,6049.966,1,-0.12492549457275684,0.6568704356738939
GP-14740,766,2,236.53,3,-3.3849915486552296,1.7368983653347911
GR-14560,1136,2,1284.38,3,-4.193530053385869,3.4763678012491277
GT-14635,57,3,9351.212,2,0.7280558761588231,1.2589370301301976
GT-14710,37,11,11820.119999999999,2,3.371211979774716,1.8867363572023015
GT-14755,35,4,226.436,1,-0.8417397314151238,-1.1537234730637989
GW-14605,29,7,2189.019,0,0.3600598821346593,-0.6470768206543198
GZ-14470,8,9,4355.150000000001,0,1.3860742882055388,-0.15745729608220074
GZ-14545,158,4,2454.6220000000003,1,-0.7210907803742193,-0.09449718564200664
HA-14905,70,7,2163.3,0,0.24108280822607048,-0.4906134115617475
HA-14920,21,8,2584.158,0,0.7236248237118756,-0.5683355536434462
HD-14785,770,3,251.36,3,-3.133475438066749,1.7660553846936524
HE-14800,13,4,883.5319999999999,1,-0.644631782618746,-1.0730883578068298
HF-14995,22,7,2533.1639999999998,0,0.45075725321475635,-0.5868619660288587
HG-14845,55,5,785.628,1,-0.5218031886668806,-0.9216612796568749
HG-14965,24,12,3247.642,0,1.8908843435910043,-0.3488252395307791
HG-15025,7,7,3690.284,0,0.7320478279051396,-0.3504559206114142
HH-15010,73,2,218.668,1,-1.4677454641963366,-1.0235091512649914
HJ-14875,127,5,358.1,1,-0.8099497237476299,-0.7447261543181614
HK-14890,152,8,4877.784,0,0.8356550484592469,0.5394473756392298
HL-15040,44,6,12873.297999999999,2,2.272329227087929,2.136755290405148
HM-14860,3,10,8236.7648,2,2.463589812124507,0.8252500903522422
HM-14980,248,4,736.276,1,-1.3265408615348129,-0.176245521957071
HP-14815,31,7,1990.314,0,0.31335183914995285,-0.6899633514961562
HR-14770,14,5,1299.288,1,-0.3017431318442775,-0.9532820093638803
HR-14830,160,7,5248.787,0,0.6308058505799549,0.6567282098041478
HW-14935,118,8,9300.254,2,1.8460697007285904,1.5357562544821122
HZ-14950,36,5,886.52,1,-0.4482355286591343,-0.9714043163737118
IG-15085,72,4,744.574,1,-0.8369624210788758,-0.8740176445824664
IL-15100,143,7,5040.736,0,0.6348283092775514,0.5358935779239558
IM-15055,410,3,2872.63,3,-1.5925528564515865,1.0051194417553777
IM-15070,391,7,4930.474,0,-0.07545207716041587,1.4938983599577222
JA-15970,93,8,6491.026,2,1.33340176054796,0.7175812111928354
JB-15400,8,10,1791.605,0,1.114536001014823,-0.8038999479630705
JB-15925,738,3,900.552,3,-2.9102856156147348,1.8049014397016856
JB-16000,44,7,644.1188,1,-0.0015641331376651543,-0.9826987941873989
JB-16045,8,5,2518.115,1,-0.032616548789453845,-0.6652977555257429
JC-15340,115,4,71.263,1,-1.0956400041746899,-0.8752912417403332
JC-15385,176,1,1058.108,1,-1.8388853757707335,-0.4085915051916048
JC-15775,159,9,2772.055,0,0.6395554805368698,0.03797647981478174
JC-16105,58,5,858.576,1,-0.5150068981020289,-0.8910670570591899
JD-15790,118,5,2152.352,1,-0.4133009852141647,-0.3214459384831411
JD-15895,395,11,7610.8640000000005,2,1.5068624128813703,2.2334230467911325
JD-16015,113,6,385.43,1,-0.5059493721852029,-0.7839511263557862
JD-16060,301,3,695.442,1,-1.7414439425290045,0.014614786653871153
JD-16150,42,8,8828.0305,2,1.9589093537534852,1.1127075134300075
JE-15475,194,6,1388.682,1,-0.5226395786844398,-0.20515211954485088
JE-15610,49,7,7754.976,2,1.4576778021504468,0.856540755739088
JE-15715,47,10,8697.842999999999,2,2.437142983526484,1.1181935627272814
JE-15745,52,13,6760.8150000000005,2,2.8005989755406815,0.6708444194125639
JE-16165,21,3,2697.248,1,-0.550605228042667,-0.5866806076738151
JF-15190,66,7,2279.5860000000002,0,0.2762605979901649,-0.47676763903719016
JF-15295,226,5,955.124,1,-0.9606897717683571,-0.19828286511473905
JF-15355,106,6,1911.844,1,-0.17033042836010448,-0.42124554085406224
JF-15415,3,6,2371.448,1,0.2103908268857012,-0.713250824417074
JF-15490,122,11,1082.918,0,0.9112545314390418,-0.5224246533646206
JF-15565,55,8,4198.332,0,0.9637752649886508,-0.020132265120181587
JG-15115,759,3,2358.676,3,-2.666427782358739,2.2614815786640423
JG-15160,2,11,6366.392,0,2.3384226050236085,0.35218309411966137
JG-15310,3,6,2240.58,1,0.18327991018062575,-0.7467342000010695
JG-15805,224,6,1507.018,1,-0.5812826735769767,-0.055574811560980125
JH-15430,6,4,309.281,1,-0.7441914450248678,-1.2478507184122816
JH-15820,175,6,528.91,1,-0.6480852885269593,-0.5006868969624202
JH-15910,42,7,959.477,1,0.06931005580006663,-0.9099658309963637
JH-15985,30,6,7954.9980000000005,2,1.29224985418937,0.8227047698407354
JH-16180,405,4,2256.3940000000002,3,-1.4468224777985117,0.8370242816759702
JJ-15445,484,5,709.178,3,-1.7267980531035814,0.7647731120416161
JJ-15760,754,2,195.0,3,-3.3603318578073402,1.6785525332654267
JK-15205,62,5,4427.142,1,0.213177750946502,0.03787901783072351
JK-15325,288,3,383.812,1,-1.7699668621689397,-0.11681445433777615
JK-15370,45,8,2709.632,0,0.6830920240768691,-0.44079200904486854
JK-15625,62,7,3760.028,0,0.594040090911096,-0.11389423788561215
JK-15640,181,9,4760.434,0,0.9904902340845293,0.6342022703794836
JK-15730,85,10,4867.2,0,1.5382448637168216,0.28921393913523247
JK-16090,29,3,3747.668,1,-0.35517322584516176,-0.2861108282795092
JK-16120,118,10,2932.484,0,1.0459709961269914,-0.07456459058499991
JL-15130,9,6,1214.956,1,-0.04582229380390807,-0.9852862885050178
JL-15175,7,5,1571.523,1,-0.22594280221252513,-0.9114657666087399
JL-15235,120,5,2203.7,1,-0.4082074720135988,-0.30035488492768553
JL-15505,50,6,3173.874,1,0.2463426104396167,-0.3210414044231887
JL-15835,22,11,9799.923,2,2.9942822367967605,1.3102064789377628
JL-15850,615,6,2725.256,3,-1.4127337047585555,1.81099965755241
JM-15250,38,6,3159.1220000000003,1,0.2765496935264681,-0.37253592195127255
JM-15265,38,5,1804.146,1,-0.2636818670537686,-0.728670755603716
JM-15535,103,7,1733.443,0,0.06055900178092893,-0.46936459236585165
JM-15580,1,5,303.948,1,-0.47190499194656516,-1.259642621817868
JM-15655,9,5,864.947,1,-0.3778625728764456,-1.084294188831352
JM-15865,110,7,7625.076000000001,2,1.2616797829560966,1.0658823682149734
JM-16195,58,10,2833.9260000000004,0,1.1918692006888234,-0.3383818976964283
JO-15145,58,9,3254.949,0,1.019557688992174,-0.24011656053705818
JO-15280,93,6,1934.272,1,-0.12964912227133535,-0.4672040060958061
JO-15550,216,5,1090.838,1,-0.90485566200191,-0.20332638455444524
JP-15460,38,7,1669.135,0,0.22741215759707997,-0.7443022150186582
JP-15520,9,7,3635.594,0,0.7151742644668573,-0.3564953357738706
JP-16135,103,9,1707.71,0,0.574291308943142,-0.45703660931152823
JR-15670,594,2,1156.658,3,-2.717604016226405,1.2883302162794916
JR-15700,69,1,863.88,1,-1.582525751788734,-0.8837904012439314
JR-16210,34,5,2201.686,1,-0.1702388499845323,-0.6428644326275504
JS-15595,120,4,1417.654,1,-0.8305781816522867,-0.5109255098277787
JS-15685,43,4,1131.0639999999999,1,-0.6765103361823949,-0.8904554656316375
JS-15880,535,5,3868.02,3,-1.213773410121647,1.775792640041684
JS-15940,464,5,469.169,3,-1.7210803020342815,0.6238317989427469
JS-16030,29,6,2516.494,1,0.16836875100525034,-0.5727463095726125
JW-15220,43,6,7721.714,2,1.2078871328366294,0.8147144420838928
JW-15955,6,7,1244.086,1,0.22805973693254225,-0.980307268537743
JW-16075,462,4,1428.731,3,-1.7762829755361456,0.8519322675049119
KA-16525,37,7,1519.506,0,0.19918659731539576,-0.7865623841880645
KB-16240,5,7,3152.6150000000002,0,0.6262069347268175,-0.49597516667675967
KB-16315,297,9,1569.464,0,0.007897828959160105,0.27906771793597696
KB-16405,118,3,908.821,1,-1.189976949960744,-0.6585228534936681
KB-16585,231,12,2744.742,0,1.212913230071428,0.34567694461564796
KB-16600,2,7,983.922,1,0.18525127647789977,-1.0627785233888243
KC-16255,408,6,2120.954,3,-0.9641331111345453,0.8332130920954184
KC-16540,98,4,3908.262,1,-0.253635658248241,0.03882482789581933
KC-16675,58,4,1146.05,1,-0.7149847286470302,-0.8269710456774507
KD-16270,485,5,8282.358,2,-0.160692546487579,2.706394059246488
KD-16345,42,6,1888.964,1,0.002333119030286214,-0.6816068797912322
KD-16495,113,12,8181.256,2,2.6662415661120895,1.267394263779661
KD-16615,290,5,2243.5099999999998,1,-0.8711881775215774,0.3858658985695026
KE-16420,27,8,1686.7312,0,0.5210802473446654,-0.7740876070248542
KF-16285,98,7,10604.266,2,1.9121187957876293,1.7804061627471226
KH-16330,41,8,3312.864,0,0.8191466702601773,-0.30235813395036076
KH-16360,2,6,3100.612,1,0.36421805127256357,-0.5306664473292885
KH-16510,23,7,5952.859,0,1.1564172279147802,0.29206452387941284
KH-16630,59,9,3918.9660000000003,0,1.154345053703439,-0.0662470858086133
KH-16690,3,7,5990.799,0,1.2197155348667936,0.22223815683455153
KL-16555,17,8,5016.488,0,1.2385996300827018,0.038084195109518944
KL-16645,48,12,14175.229000000001,2,4.088142186296468,2.5425047668442473
KM-16225,15,6,2260.958,1,0.1542383222291991,-0.6938002360763449
KM-16375,57,8,5620.186,0,1.2527859619912622,0.3516111032725093
KM-16660,16,5,453.538,1,-0.48249450932966814,-1.1617189479046681
KM-16720,29,8,4909.472,0,1.1831668072783974,0.05842362752808819
KN-16390,20,9,2617.272,0,0.9927883321717761,-0.5543838482562444
KN-16450,53,5,2171.962,1,-0.22906318297523243,-0.5749126292636968
KN-16705,99,8,2280.58,0,0.4445244857860644,-0.3358270009943026
KS-16300,296,3,88.472,1,-1.8533256053409848,-0.16056557482669442
KT-16465,392,7,3057.1,3,-0.4663164840755845,1.0185608791550218
KT-16480,101,10,4642.088400000001,0,1.4472593702388843,0.2952446018377479
KW-16435,97,5,4416.5199999999995,1,0.11395977709154101,0.1743450222068369
KW-16570,772,4,449.096,3,-2.8385242417713035,1.8340566644321168
LA-16780,155,11,8673.222,2,2.39220577490904,1.5508312493590501
LB-16735,49,3,50.188,1,-1.1765902793119214,-1.1526000791447166
LB-16795,153,8,4985.676,0,0.8552342755615465,0.5710288789258442
LC-16870,28,8,2580.7039999999997,0,0.7035057859383841,-0.5413825390335938
LC-16885,17,12,7663.126,2,2.8250096917711196,0.753066517521315
LC-16930,42,8,4492.946,0,1.0608432505887417,0.0035497170102769884
LC-16960,437,4,3246.626,3,-1.330385443354252,1.2176348511553303
LC-17050,55,5,2095.064,1,-0.2505374069125391,-0.5866340966082709
LC-17140,14,9,2633.582,0,1.0127987201029849,-0.5740708995281377
LD-16855,553,1,5.304,3,-3.102003707114645,0.8212495405983843
LD-17005,415,4,1961.934,3,-1.5355427750459616,0.8014516692846942
LE-16810,22,6,1469.45,1,-0.029135799698566296,-0.8684756414199568
LF-17185,23,7,3930.5089999999996,0,0.7374625377039621,-0.22536605206194263
LH-16750,152,3,287.426,1,-1.412952138688621,-0.6823035218654218
LH-16900,22,9,2295.332,0,0.9205506423662273,-0.6288008051005696
LH-17020,240,4,318.239,1,-1.3909669429670761,-0.3150162557333966
LH-17155,386,9,1739.689,0,-0.20353959971693525,0.676545107515996
LL-16840,250,6,2741.2039999999997,1,-0.39767599513883295,0.36359281178634556
LM-17065,392,5,1346.774,3,-1.3396947776064785,0.562051617766991
LO-17170,3,5,644.35,1,-0.4069303854514667,-1.164595340261249
LP-17080,41,4,756.606,1,-0.7485400621819408,-0.9942161823969287
LP-17095,10,7,3653.399,0,0.7160908608786125,-0.3479631406163285
LR-16915,27,6,5142.892,0,0.7180032749363664,0.09128027477074264
LR-17035,133,5,1879.306,1,-0.511444751096261,-0.3316562615999067
LS-16945,179,6,2845.27,1,-0.17931052244138118,0.10787463925850882
LS-16975,21,9,2988.674,0,1.0669568986156597,-0.4553817050871635
LS-17200,97,6,1010.2560000000001,1,-0.3321581217290951,-0.6877124231206284
LS-17230,778,3,368.88000000000005,3,-3.1313051514465036,1.8279370120392568
LS-17245,35,6,1008.1360000000001,1,-0.16073774176422626,-0.9348088347697514
LT-16765,27,3,329.876,1,-1.0576670422237466,-1.168527101403447
LT-17110,35,8,2936.252,0,0.7577584304627463,-0.4225766742127993
LW-16825,89,5,2238.061,1,-0.3151593859785733,-0.4148404119724023
LW-16990,34,6,3230.308,1,0.3023844632749827,-0.3702292593606809
LW-17125,206,3,1259.04,1,-1.3613544780184021,-0.21896957911934095
LW-17215,22,7,5420.514,0,1.048907338402882,0.15188413303622528
MA-17560,65,11,4299.161,0,1.735538770835516,0.07380011482132233
MA-17995,187,6,2453.284,1,-0.282690673871203,0.0393960505062196
MB-17305,49,10,1548.702,0,0.9505665887677931,-0.7030043892451849
MB-18085,45,7,1428.231,0,0.15810243018502024,-0.7781022304269901
MC-17275,77,8,2725.982,0,0.5977774173057646,-0.3093550861444483
MC-17425,400,5,4432.138,3,-0.7226990831122083,1.3832742247768952
MC-17575,28,8,1303.893,0,0.43899867442812884,-0.8680624169470399
MC-17590,52,6,2426.067,1,0.08588133072331552,-0.504419029343968
MC-17605,113,8,2258.192,0,0.40107953773705995,-0.2858816241421762
MC-17635,190,4,795.154,1,-1.1535717090182502,-0.39182851399032687
MC-17845,2,7,3805.714,0,0.7698202151875023,-0.34080583827165434
MC-18100,42,10,2218.98,0,1.1088264242989123,-0.5593464184313875
MC-18130,370,5,1581.9979999999998,3,-1.2299828053070565,0.5347482100514129
MD-17350,118,7,3766.382,0,0.44012840686616905,0.1104254042751527
MD-17860,37,5,1204.91,1,-0.38504905039853055,-0.8859656165709143
ME-17320,43,10,10663.728000000001,2,2.8554879679202116,1.6052705147363766
ME-17725,29,8,1908.4532,0,0.5614688313242645,-0.709405326953003
ME-18010,93,4,1256.944,1,-0.7890291676857341,-0.659414431928039
MF-17665,422,5,937.039,3,-1.507734278766139,0.5765187412289304
MF-18250,8,5,1758.3,1,-0.19002157657521426,-0.85970105518153
MG-17650,30,7,3785.276,0,0.6879722353010053,-0.23468805890059788
MG-17680,93,4,2350.188,1,-0.562550219261952,-0.3797012900067933
MG-17695,556,3,1342.282,3,-2.3142848316857108,1.1941654723204846
MG-17875,117,5,1242.8329999999999,1,-0.5989471104545843,-0.5581285965155416
MG-17890,100,9,776.384,0,0.3896714521935143,-0.7072520759645889
MG-18145,85,4,3061.543,1,-0.39300884922113866,-0.22951019570016643
MG-18205,265,1,16.739,1,-2.3013194118250206,-0.32110782650588693
MH-17290,120,6,2394.025,1,-0.10924769866540374,-0.24220310945047163
MH-17440,377,4,400.016,3,-1.7537800290330898,0.25071168745290945
MH-17455,86,8,2456.1820000000002,0,0.516937670984954,-0.34259496457251576
MH-17620,156,4,1252.8,1,-0.964519140789956,-0.4099440254983276
MH-17785,99,7,2203.7780000000002,0,0.16908239893961385,-0.3649332248743198
MH-18025,50,5,2984.948,1,-0.0523273428420196,-0.3788352372219631
MH-18115,6,9,5503.093,0,1.6294286645283598,0.12829756370636583
MJ-17740,23,7,6320.746,0,1.2326295473043947,0.3861906555041747
MK-17905,29,8,2302.368,0,0.643073129790631,-0.6086198240302528
MK-18160,241,4,1031.602,1,-1.2459569470875451,-0.12852130608695925
ML-17395,70,9,2722.843,0,0.8760622413891374,-0.32853899600827585
ML-17410,55,6,2921.5,1,0.18020058827890445,-0.36572944398682805
ML-17755,30,7,2071.9139999999998,0,0.33302821179914466,-0.6730621714211964
ML-18040,80,3,742.082,1,-1.1191857045616933,-0.8522977830292214
ML-18265,101,2,162.232,1,-1.5570508727861785,-0.9266016796412275
MM-17260,169,4,1314.023,1,-0.9878711127917348,-0.3425829419619907
MM-17920,8,11,3794.0800000000004,0,1.7889049477828187,-0.2820985479440478
MM-18055,62,8,2749.881,0,0.6443073160521255,-0.3628905418019111
MM-18280,86,9,775.414,0,0.4282775030912125,-0.7631737395093442
MN-17935,35,6,2477.946,1,0.1437514877058271,-0.5587489861657198
MO-17500,73,4,922.487,1,-0.8028774821248931,-0.8245208415910585
MO-17800,105,8,1687.0269999999998,0,0.30493110666076784,-0.4638310902016121
MO-17950,181,2,154.288,1,-1.7804508463467688,-0.6105000111455264
MP-17470,720,7,3206.132,3,-1.3446352036545515,2.361041801093205
MP-17965,73,9,3983.6420000000003,0,1.1289364846929366,0.00597414619408453
MP-18175,17,9,5087.92,0,1.512929255344149,0.06581647175349625
MR-17545,126,4,639.178,1,-1.0084806359514429,-0.686243275893596
MS-17365,274,10,7443.6900000000005,2,1.548101996838191,1.700016634443476
MS-17530,435,4,475.65599999999995,3,-1.898882122426465,0.500711929820914
MS-17710,414,6,1613.402,3,-1.085910324752971,0.7272128830085295
MS-17770,122,9,3144.678,0,0.8193102733513515,-0.013822716651272817
MS-17830,453,4,370.348,3,-1.9705926827264852,0.5453484286508489
MS-17980,27,6,855.116,1,-0.17026229025926262,-1.0057733535267925
MT-17815,50,6,2890.139,1,0.18756341345246497,-0.393636733849213
MT-18070,204,4,1319.4498,1,-1.0837643802248322,-0.20201075427083887
MV-17485,28,9,1560.05,0,0.7515963567267818,-0.7930671229515819
MV-18190,20,7,1734.574,0,0.2908633639059441,-0.7991394405438762
MW-18220,18,7,5341.900000000001,0,1.043709194662841,0.11586355243151697
MW-18235,45,2,5253.876,1,-0.3470261653845773,0.15343254438728127
MY-17380,30,7,2254.285,0,0.3708086087672447,-0.6264014393199276
MY-18295,72,11,4152.696,0,1.6857932444711579,0.06416289327227577
MZ-17335,31,4,593.606,1,-0.7545882335891948,-1.075687499726093
MZ-17515,283,6,2564.906,1,-0.5256719343527014,0.44971624685244893
NB-18580,1166,2,273.87199999999996,3,-4.4860270748076125,3.3371234902907068
NB-18655,20,9,1972.599,0,0.8592363866617116,-0.7193273652952542
NC-18340,225,5,2461.404,1,-0.6458734045338816,0.18313137794740406
NC-18415,42,6,2218.9900000000002,1,0.0707020663398595,-0.597167715820791
NC-18535,7,7,8241.739,2,1.6749377428721226,0.8140615872488279
NC-18625,205,5,1821.742,1,-0.7229486906771437,-0.06006359152483812
ND-18370,28,9,4326.139,0,1.3246257334867646,-0.08534638995529158
ND-18460,184,6,2893.455,1,-0.18318804897320967,0.14008645208162632
NF-18385,80,7,8322.826,2,1.48938513577401,1.1251056382703521
NF-18475,526,4,377.16200000000003,3,-2.171531855802806,0.8373892798469755
NF-18595,115,7,2031.472,0,0.0890362353449293,-0.3453919275037555
NG-18355,49,5,1869.58,1,-0.2806176216786054,-0.6681856167797929
NG-18430,49,5,1395.9379999999999,1,-0.37873839077437627,-0.7893698098472716
NH-18610,190,7,2673.29,0,0.014102098533770578,0.11707192287129839
NK-18490,71,7,572.048,1,-0.09133655450206009,-0.8937682588214275
NL-18310,59,4,1418.0900000000001,1,-0.6614002232849215,-0.7533912759287396
NM-18445,161,7,6459.344,2,0.8788157021939914,0.9704332752933355
NM-18520,245,10,2161.979,0,0.5343164898204884,0.23333503364234995
NP-18325,26,6,5529.62,0,0.8008906677920736,0.18625031373552575
NP-18670,59,5,3908.402,1,0.11403016151722976,-0.10677380555814442
NP-18685,407,6,1228.698,3,-1.1462029934807532,0.600947277849937
NP-18700,139,7,7903.1825,2,1.2389070417798886,1.2523612552337386
NR-18550,211,5,2367.277,1,-0.6265659726071674,0.1033749280585595
NS-18505,7,4,2575.863,1,-0.27741301886642544,-0.6639552190424751
NS-18640,175,13,2964.823,0,1.6732653183462038,0.18874804156215216
NW-18400,173,7,7234.014,2,1.0060349846104528,1.2163574456551047
NZ-18565,86,9,2488.31,0,0.7831249889583222,-0.3249188559295268
ON-18715,411,9,1567.52,0,-0.3085047381480496,0.7319115534705735
OT-18730,66,5,3818.624,1,0.07602804481192203,-0.1019073125877519
PA-19060,104,6,729.408,1,-0.40974274030528623,-0.7317323544314507
PB-18805,26,3,740.356,1,-0.9698591302680383,-1.0674799684441727
PB-19105,58,4,688.324,1,-0.8098083024752186,-0.9440830331194526
PB-19150,98,8,1456.95,0,0.27667132387420657,-0.5505344347890453
PB-19210,689,2,132.738,3,-3.1930548479124337,1.404138392185234
PC-18745,3,4,1832.064,1,-0.42041242134401574,-0.8701674369293304
PC-19000,883,2,1061.488,3,-3.53840697568924,2.4132401505436363
PF-19120,836,4,9062.864,3,-1.2314796176405272,4.292449069054097
PF-19165,197,6,2770.0,1,-0.2447983413837966,0.16019654350299914
PF-19225,115,5,2206.1279999999997,1,-0.3938448396713814,-0.31961705315905586
PG-18820,37,13,3086.907,0,2.081082647795884,-0.32879749938430364
PG-18895,58,9,1987.164,0,0.7569204244588726,-0.5644870813271347
PH-18790,71,1,729.648,1,-1.615877419397288,-0.9101811220021192
PJ-18835,40,8,1220.09,0,0.3883747102407127,-0.8417837969697756
PJ-19015,135,7,1824.2340000000002,0,-0.009334235744504172,-0.3188814858158898
PK-18910,484,2,1441.152,3,-2.353755453275001,0.923685230163199
PK-19075,10,12,8646.934,2,3.0482211252065565,0.9769430501443407
PL-18925,16,5,239.481,1,-0.5268390511362085,-1.2164867362668599
PM-18940,387,3,1405.402,3,-1.8327528384394527,0.5382566341610784
PM-19135,52,4,4115.662,1,-0.08316148710047816,-0.09103777663448422
PN-18775,31,8,1467.152,0,0.4645040000401431,-0.814361574454757
PO-18850,5,11,7473.8282,2,2.5595258569738517,0.6474574290275478
PO-18865,1,7,2493.214,0,0.5006916165790476,-0.6805936417652378
PO-19180,161,9,4893.043,0,1.0734003894147008,0.5885975440960101
PO-19195,87,5,1056.858,1,-0.5543162668000474,-0.7250117549833034
PP-18955,98,10,7252.608,2,1.9963764166576246,0.951231923378301
PR-18880,37,5,1840.178,1,-0.25344546637952,-0.7234284261156949
PS-18760,108,6,2181.479,1,-0.12001607679721321,-0.3443044276499254
PS-18970,70,8,1278.639,0,0.31734600253949574,-0.707503357403244
PS-19045,237,7,6843.634,2,0.7477595425052389,1.3709836943193126
PT-19090,72,4,160.572,1,-0.9579456223014624,-1.0234381164151873
PV-18985,90,5,2876.046,1,-0.18576487042574696,-0.24763138313754937
PW-19030,47,10,3454.916,0,1.3510061342753983,-0.22324127161320442
PW-19240,465,7,3922.4150000000004,3,-0.48940661000345004,1.5302544447063442
QJ-19255,26,9,6108.338,0,1.6993740455745885,0.36268673391924466
RA-19285,6,9,2617.906,0,1.031726671408831,-0.6098951186228606
RA-19885,44,7,3832.314,0,0.6589097375314165,-0.16697961672085526
RA-19915,13,9,4793.543,0,1.4630331509029646,-0.025408387713345
RA-19945,62,5,1686.9225,1,-0.3544924405298214,-0.6632228458875906
RB-19330,69,2,1008.1959999999999,1,-1.2930973089925746,-0.8374103088920352
RB-19360,97,6,15117.339,2,2.590297728169932,2.921670760572848
RB-19435,20,8,2663.0860000000002,0,0.742747658678548,-0.5521180210572568
RB-19465,10,12,4715.466,0,2.2337691470555225,-0.028947004265136935
RB-19570,26,5,528.546,1,-0.49467496358119245,-1.102760920183253
RB-19645,649,5,221.084,3,-2.2852809265110827,1.2960430521522281
RB-19705,55,4,2067.45,1,-0.5157895942351239,-0.603155270833479
RB-19795,33,8,5633.316000000001,0,1.32203228593313,0.25953023701733224
RC-19825,370,6,966.409,3,-1.0979780349042276,0.38670197569887355
RC-19960,111,6,885.752,1,-0.3967576558515131,-0.6638940473775224
RD-19480,73,8,4272.93,0,0.9293344465716216,0.07053428053414332
RD-19585,181,10,2912.8940000000002,0,0.867281194039163,0.17095386258440043
RD-19660,115,5,2786.632,1,-0.2735862921963445,-0.17109156595048136
RD-19720,22,10,1419.737,0,0.99869197014886,-0.8433711595748524
RD-19810,15,8,1137.616,0,0.44058741750049013,-0.9623022068027296
RD-19900,115,9,3133.924,0,0.8364859490764759,-0.04441093467446845
RD-19930,43,4,970.9420000000001,1,-0.709681578996911,-0.9314236554508486
RE-19405,1098,1,48.36,3,-4.603785133459493,2.999554845435506
RE-19450,303,5,876.696,1,-1.1903755879709967,0.08785501020405936
RF-19345,391,8,3309.15,0,-0.15179768891654913,1.0885286947972719
RF-19735,90,7,2341.2960000000003,0,0.22251830105419548,-0.36553850255012865
RF-19840,7,8,945.222,0,0.42290606035593176,-1.0433408034874858
RH-19495,33,5,3621.3759999999997,1,0.12663933314464235,-0.28360476892642894
RH-19510,468,6,6979.18,2,-0.12400751544105872,2.3148204724036914
RH-19555,520,2,740.382,3,-2.5987180069729696,0.8875493388968398
RH-19600,535,3,2085.7400000000002,3,-2.1020578602423643,1.3008735091151045
RK-19300,120,3,1460.192,1,-1.0812975188610587,-0.5094978671996043
RL-19615,122,8,6234.91,0,1.1999582541772265,0.7673760149145299
RM-19375,346,6,1453.474,1,-0.930550243310834,0.4158802683473313
RM-19675,7,5,5979.0960000000005,1,0.6871401857947763,0.2162386544329035
RM-19750,300,1,98.35,3,-2.3814301846800485,-0.16104344681847788
RO-19780,36,7,3815.478,0,0.6775973805619172,-0.2031006288870503
RP-19270,497,4,954.6452,3,-1.9715131791005678,0.8698182333308394
RP-19390,34,12,5153.084,0,2.2579008183682574,0.17846048559347874
RP-19855,29,8,2170.716,0,0.6157997978373911,-0.6423037907935882
RR-19315,20,2,615.932,1,-1.2385351297517069,-1.1326306355317437
RR-19525,171,6,3302.2619999999997,1,-0.06246357812613182,0.19298540939366635
RS-19420,77,5,3221.29,1,-0.07820825725605934,-0.2109954068617099
RS-19765,37,8,4159.7699999999995,0,1.0056813842766652,-0.10157878049556257
RS-19870,20,2,22.328,1,-1.3615075034396948,-1.284507837599186
RW-19540,121,7,7397.401,2,1.1840228918845503,1.0513737825680607
RW-19630,90,9,3279.746,0,0.9359929822226573,-0.10651842119290832
RW-19690,80,5,3495.646,1,-0.029687820897462497,-0.12886971966136126
SA-20830,64,10,4767.3415,0,1.5757684440522135,0.18015430846583852
SB-20170,202,3,1348.02,1,-1.3318334621910133,-0.2121102131548027
SB-20185,189,6,6410.996,2,0.5316542149422351,1.0599541470347396
SB-20290,48,7,8057.891,2,1.5232023006255377,0.9300667277217098
SC-20020,782,5,3362.9636,3,-2.0030683865381422,2.628810190764035
SC-20050,41,9,4624.572,0,1.3504147321700346,0.04270631813616637
SC-20095,350,9,14142.333999999999,2,2.465610367391528,3.706677053295049
SC-20230,150,4,4371.9580000000005,1,-0.30171560498065664,0.3642514992915304
SC-20260,188,8,3729.7929999999997,0,0.49804516096110935,0.38888726522036526
SC-20305,30,7,3979.065,0,0.7281180114828057,-0.18510596189409584
SC-20380,31,9,5992.536,0,1.66152459391427,0.3529414731117369
SC-20440,37,7,1874.998,0,0.27283113991802344,-0.6956075888744223
SC-20575,93,5,902.7280000000001,1,-0.6028777637899528,-0.7405867908754705
SC-20680,127,6,1254.64,1,-0.3646888222330775,-0.5058849659359488
SC-20695,90,10,2576.408,0,1.0498194674071464,-0.2770157721218455
SC-20725,188,11,5226.21,0,1.5866411801023295,0.8001225689360177
SC-20770,42,7,4492.657,0,0.8012517732866828,-0.005980189389086069
SC-20800,31,4,279.25600000000003,1,-0.8197097045847054,-1.1561158635341209
SC-20845,132,2,280.632,1,-1.6184526377435986,-0.7730313195006678
SD-20485,201,9,6121.114,0,1.2169332720147834,1.0618740905472455
SE-20110,10,11,12209.438000000002,2,3.526706062768528,1.8789754519259703
SF-20065,60,7,763.5459999999999,1,-0.021174174186692058,-0.8885157791630088
SF-20200,60,9,3422.7859999999996,0,1.0487833320950652,-0.18922108620338302
SF-20965,49,9,3336.535,0,1.0614065889889859,-0.2550323813797531
SG-20080,9,3,3406.5809999999997,1,-0.3703950263753029,-0.45291356385965065
SG-20470,184,8,1884.798,0,0.12691945539978378,-0.09907266226389737
SG-20605,109,6,3124.832,1,0.07263917791564832,-0.09896513446218598
SG-20890,227,3,47.946,1,-1.6704580017456883,-0.44532513726828166
SH-19975,30,13,3406.8395,0,2.166764101533914,-0.27477756048558627
SH-20395,24,10,2180.718,0,1.1507946922788264,-0.6407161769779394
SH-20635,766,2,2096.392,3,-2.9996982472757097,2.21275539593357
SJ-20125,96,12,3949.656,0,1.8367363343292813,0.11711009230530159
SJ-20215,30,6,1341.036,1,-0.07791376772381141,-0.8695177272118215
SJ-20500,254,5,1318.776,1,-0.9629687814157397,0.006106682206135876
SK-19990,9,3,883.409,1,-0.8931011571679994,-1.0984825015603952
SL-20155,71,7,3053.012,0,0.4226256696649693,-0.2589984952247362
SM-20005,422,4,244.49399999999997,3,-1.910735105600465,0.3898709171699839
SM-20320,80,5,25043.05,2,4.434122087213073,5.384164948799124
SM-20905,607,1,1043.041,3,-3.036707853262825,1.3015014559866735
SM-20950,26,12,5563.392,0,2.365076597574697,0.25162686973845344
SN-20560,112,6,1860.418,1,-0.1976155278404731,-0.41054313225270406
SN-20710,80,7,3127.9592,0,0.4132045483977085,-0.20403270092050252
SO-20335,30,6,2602.5755,1,0.18342966462529245,-0.5467451556699177
SP-20545,328,6,1306.086,1,-0.9111887691717219,0.30658995745812057
SP-20620,48,9,5440.319,0,1.5000032629061448,0.27925690252461005
SP-20650,387,9,1872.4360000000001,0,-0.1788113534907503,0.7144859140710961
SP-20860,80,10,4282.94,0,1.4310678568816442,0.11984406959702502
SP-20920,71,6,3990.689,0,0.357345392184049,-0.02854408259257215
SR-20425,9,5,3233.481,1,0.11280839318966052,-0.47829032611882366
SR-20740,197,8,4345.8859999999995,0,0.6007290516838036,0.5823085113317765
SS-20140,16,8,1324.028,0,0.4764330288959899,-0.9106308828505949
SS-20410,111,6,3056.8070000000002,1,0.05300310512242689,-0.10841639066609308
SS-20515,492,3,613.4,3,-2.2878782868904284,0.7531692178267845
SS-20590,433,6,418.49,3,-1.3861176911342128,0.4970442334735498
SS-20875,121,5,964.636,1,-0.667666756399223,-0.6134002854152272
ST-20530,126,7,433.34000000000003,1,-0.27252768857565246,-0.7105402910391948
SU-20665,21,7,2595.364,0,0.46641467712110457,-0.5749243942181765
SV-20365,102,10,11470.949999999999,2,2.8591701604654327,2.0464271489656056
SV-20785,321,9,4105.305,0,0.46670221615105245,1.0233183533151002
SV-20815,77,4,1271.0900000000001,1,-0.7417477944605418,-0.7194219294572725
SV-20935,3,8,1903.491,0,0.6325109902924867,-0.8140685476030601
SW-20245,82,7,1085.078,1,-0.015547289461853176,-0.7187629548089629
SW-20275,31,6,1966.65,1,0.04891794293737999,-0.7054738941417819
SW-20350,163,3,1019.044,1,-1.2918796794318828,-0.4513711455193506
SW-20455,163,7,2921.544,0,0.14037303794714356,0.07321893325516812
SW-20755,535,2,758.6959999999999,3,-2.6365029632821315,0.9518852479388367
SZ-20035,36,11,3625.329,0,1.676332104757282,-0.21392755375339545
TA-21385,70,4,14595.62,2,2.0379960702987647,2.6619035571015974
TB-21055,120,5,1467.881,1,-0.560641433096613,-0.48861866170153373
TB-21175,59,4,3589.296,1,-0.2116081808027255,-0.1978749849467997
TB-21190,50,4,816.1740000000001,1,-0.7611471739907448,-0.9431852501657867
TB-21250,350,7,1602.376,1,-0.65125946798779,0.4793404262220821
TB-21280,584,6,2198.45,3,-1.4359382686810223,1.5529361326293423
TB-21355,147,5,834.328,1,-0.7667318019774559,-0.543346770055403
TB-21400,203,7,9133.99,2,1.3164805411715226,1.8217782086888707
TB-21520,108,9,4737.486,0,1.1880870505104868,0.33803343692893106
TB-21595,286,5,1387.559,1,-1.0374212469789308,0.15095890779319937
TB-21625,31,9,2797.668,0,0.9996683706074955,-0.4644849809128413
TC-20980,400,5,19052.218,2,2.306030408448291,5.1239108181997395
TC-21145,107,1,1038.26,1,-1.6517340700051009,-0.6880604752781025
TC-21295,28,8,4266.812,0,1.0528038079434683,-0.10998152855601732
TC-21475,154,9,1244.976,0,0.33706191520792367,-0.37261937838931064
TC-21535,5,7,742.5580000000001,1,0.1269339682148816,-1.1126029420675154
TD-20995,38,9,1434.5480000000002,0,0.6978777884325988,-0.785410801058535
TG-21310,338,5,3058.372,1,-0.8354320519786038,0.7852338223409863
TG-21640,115,4,2074.661,1,-0.6806114539934787,-0.36270965053220433
TH-21100,345,5,2422.824,3,-0.9864971406108075,0.6504617337446307
TH-21115,59,4,2942.772,1,-0.34554358374181066,-0.36329209161968457
TH-21235,118,8,1022.201,0,0.13116914930883994,-0.5822340693802578
TH-21550,73,7,4234.0960000000005,0,0.6617578981719899,0.05114240091072926
TM-21010,104,8,2955.2259999999997,0,0.5704260648413791,-0.14333132235429033
TM-21490,131,3,1094.6779999999999,1,-1.187509455075122,-0.5592734012764032
TN-21040,91,7,3130.221,0,0.38318189512479606,-0.15971055457042532
TP-21130,9,9,4454.0560000000005,0,1.4037919548231375,-0.12817491567511247
TP-21415,105,5,5329.0048,1,0.28081680513266033,0.439623239814812
TP-21565,351,4,1936.6399999999999,3,-1.3633793174630569,0.5404726937315469
TR-21325,194,5,675.9419999999999,1,-0.9298240482951435,-0.39696695746447236
TS-21085,358,2,4.833,3,-2.3020436249301217,0.055132909889672434
TS-21160,505,6,2163.6240000000003,3,-1.2241705554147464,1.2298681762701202
TS-21205,199,7,5371.09,0,0.5480372124842402,0.8431105952200826
TS-21340,227,5,974.7819999999999,1,-0.9593893036029683,-0.1892765686111296
TS-21370,37,6,11891.751,2,2.0883931859619493,1.8577837652838556
TS-21430,173,5,2054.14,1,-0.5861028745305302,-0.12785682223337252
TS-21505,12,6,2243.274,1,0.15889064936148717,-0.7102548273793368
TS-21610,56,7,2820.424,0,0.4160211299471167,-0.378157713401778
TS-21655,239,5,3368.094,1,-0.4968484113404275,0.4707870248489494
TT-21070,32,7,4915.602,0,0.9165893194632186,0.06246609350918644
TT-21220,184,8,1427.0439999999999,0,0.032090081027017985,-0.21619181367659013
TT-21265,407,3,439.5,3,-2.088289893500058,0.3706582665597644
TT-21460,13,7,5364.808,0,1.0623145110387406,0.10184131704820894
TW-21025,65,7,5278.826,0,0.9003620020862828,0.2866295212536254
TZ-21580,36,4,1707.286,1,-0.5377353585356521,-0.7708622957923201
VB-21745,55,6,2005.596,1,-0.009540196739934545,-0.6000690658262678
VD-21670,582,6,6442.254,3,-0.5512381875144533,2.630785901936232
VF-21715,14,5,847.944,1,-0.3952445958334541,-1.0687611232005925
VG-21790,155,6,846.01,1,-0.5269555521392636,-0.49908847622089964
VG-21805,287,5,427.372,1,-1.2391077288615648,-0.09073411218315625
VM-21685,55,7,2454.866,0,0.34306322002143824,-0.4756646335452692
VM-21835,118,5,380.69,1,-0.7803225711751892,-0.7747364614061828
VP-21730,31,3,993.9019999999999,1,-0.9311935984091907,-0.9827252918705213
VP-21760,76,7,3360.526,0,0.47247133687195014,-0.16043577685693286
VS-21820,222,4,1055.981,1,-1.1882398966241903,-0.1978406602844503
VT-21700,1001,2,1736.596,3,-3.7256376027796105,3.0552185771189158
VW-21775,29,10,6134.0380000000005,0,1.955913938885388,0.39064823167613966
WB-21850,21,11,6160.102,0,2.2430204522530666,0.3749594100200881
XP-21865,44,11,2374.658,0,1.39506478831464,-0.502105934382562
YC-21895,5,5,5454.35,1,0.5839764511011845,0.0740258366974168
YS-21880,10,8,6720.4439999999995,2,1.610998584098622,0.44621498362446005
ZC-21910,55,13,8025.707,2,3.054321134164298,1.0064047806162482
ZD-21925,203,5,1493.944,1,-0.7853122234632318,-0.15188606284625297
